date,value
01/01/2000,8.85
01/02/2000,7.86
01/03/2000,6.92
01/04/2000,6.77
01/05/2000,6.47
01/06/2000,6.51
01/07/2000,7.06
01/08/2000,7.86
01/09/2000,7.77
01/10/2000,6.65
01/11/2000,5.99
01/12/2000,5.97
01/01/2001,5.92
01/02/2001,6.27
01/03/2001,6.44
01/04/2001,6.61
01/05/2001,7.04
01/06/2001,7.35
01/07/2001,7.05
01/08/2001,6.41
01/09/2001,6.46
01/10/2001,7.19
01/11/2001,7.61
01/12/2001,7.67
01/01/2002,7.62
01/02/2002,7.51
01/03/2002,7.75
01/04/2002,7.98
01/05/2002,7.77
01/06/2002,7.66
01/07/2002,7.51
01/08/2002,7.46
01/09/2002,7.93
01/10/2002,8.45
01/11/2002,10.93
01/12/2002,12.53
01/01/2003,14.47
01/02/2003,15.85
01/03/2003,16.57
01/04/2003,16.77
01/05/2003,17.24
01/06/2003,16.57
01/07/2003,15.43
01/08/2003,15.07
01/09/2003,15.14
01/10/2003,13.98
01/11/2003,11.02
01/12/2003,9.3
01/01/2004,7.71
01/02/2004,6.69
01/03/2004,5.89
01/04/2004,5.26
01/05/2004,5.15
01/06/2004,6.06
01/07/2004,6.81
01/08/2004,7.18
01/09/2004,6.7
01/10/2004,6.86
01/11/2004,7.24
01/12/2004,7.6
01/01/2005,7.41
01/02/2005,7.39
01/03/2005,7.54
01/04/2005,8.07
01/05/2005,8.05
01/06/2005,7.27
01/07/2005,6.57
01/08/2005,6.02
01/09/2005,6.04
01/10/2005,6.36
01/11/2005,6.22
01/12/2005,5.69
01/01/2006,5.7
01/02/2006,5.51
01/03/2006,5.32
01/04/2006,4.63
01/05/2006,4.23
01/06/2006,4.03
01/07/2006,3.97
01/08/2006,3.84
01/09/2006,3.7
01/10/2006,3.26
01/11/2006,3.02
01/12/2006,3.14
01/01/2007,2.99
01/02/2007,3.02
01/03/2007,2.96
01/04/2007,3.0
01/05/2007,3.18
01/06/2007,3.69
01/07/2007,3.74
01/08/2007,4.18
01/09/2007,4.15
01/10/2007,4.12
01/11/2007,4.19
01/12/2007,4.46
01/01/2008,4.56
01/02/2008,4.61
01/03/2008,4.73
01/04/2008,5.04
01/05/2008,5.58
01/06/2008,6.06
01/07/2008,6.37
01/08/2008,6.17
01/09/2008,6.25
01/10/2008,6.41
01/11/2008,6.39
01/12/2008,5.9
01/01/2009,5.84
01/02/2009,5.9
01/03/2009,5.61
01/04/2009,5.53
01/05/2009,5.2
01/06/2009,4.8
01/07/2009,4.5
01/08/2009,4.36
01/09/2009,4.34
01/10/2009,4.17
01/11/2009,4.22
01/12/2009,4.31
01/01/2010,4.59
01/02/2010,4.83
01/03/2010,5.17
01/04/2010,5.26
01/05/2010,5.22
01/06/2010,4.84
01/07/2010,4.6
01/08/2010,4.49
01/09/2010,4.7
01/10/2010,5.2
01/11/2010,5.63
01/12/2010,5.91
01/01/2011,5.99
01/02/2011,6.01
01/03/2011,6.3
01/04/2011,6.51
01/05/2011,6.55
01/06/2011,6.71
01/07/2011,6.87
01/08/2011,7.23
01/09/2011,7.31
01/10/2011,6.97
01/11/2011,6.64
01/12/2011,6.5
01/01/2012,6.22
01/02/2012,5.84
01/03/2012,5.24
01/04/2012,5.1
01/05/2012,4.99
01/06/2012,4.92
01/07/2012,5.2
01/08/2012,5.24
01/09/2012,5.28
01/10/2012,5.45
01/11/2012,5.53
01/12/2012,5.84
01/01/2013,6.15
01/02/2013,6.31
01/03/2013,6.59
01/04/2013,6.49
01/05/2013,6.5
01/06/2013,6.7
01/07/2013,6.27
01/08/2013,6.09
01/09/2013,5.86
01/10/2013,5.84
01/11/2013,5.77
01/12/2013,5.91
01/01/2014,5.59
01/02/2014,5.68
01/03/2014,6.15
01/04/2014,6.28
01/05/2014,6.37
01/06/2014,6.52
01/07/2014,6.5
01/08/2014,6.51
01/09/2014,6.75
01/10/2014,6.59
01/11/2014,6.56
01/12/2014,6.41
01/01/2015,7.14
01/02/2015,7.7
01/03/2015,8.13
01/04/2015,8.17
01/05/2015,8.47
01/06/2015,8.89
01/07/2015,9.56
01/08/2015,9.53
01/09/2015,9.49
01/10/2015,9.93
01/11/2015,10.48
01/12/2015,10.67
01/01/2016,10.71
01/02/2016,10.36
01/03/2016,9.39
01/04/2016,9.28
01/05/2016,9.32
01/06/2016,8.84
01/07/2016,8.74
01/08/2016,8.97
01/09/2016,8.48
01/10/2016,7.87
01/11/2016,6.99
01/12/2016,6.29
01/01/2017,5.35
01/02/2017,4.76
01/03/2017,4.57
01/04/2017,4.08
01/05/2017,3.6
01/06/2017,3.0
01/07/2017,2.71
01/08/2017,2.46
01/09/2017,2.54
01/10/2017,2.7
01/11/2017,2.8
01/12/2017,2.95
01/01/2018,2.86
01/02/2018,2.84
01/03/2018,2.68
01/04/2018,2.76
01/05/2018,2.86
01/06/2018,4.39
01/07/2018,4.48
01/08/2018,4.19
01/09/2018,4.53
01/10/2018,4.56
01/11/2018,4.05
01/12/2018,3.75
01/01/2019,3.78
01/02/2019,3.89
01/03/2019,4.58
01/04/2019,4.94
01/05/2019,4.66
01/06/2019,3.37
01/07/2019,3.22
01/08/2019,3.43
01/09/2019,2.89
01/10/2019,2.54
01/11/2019,3.27
01/12/2019,4.31
01/01/2020,4.19
01/02/2020,4.01
01/03/2020,3.3
01/04/2020,2.4
01/05/2020,1.88
01/06/2020,2.13
01/07/2020,2.31
01/08/2020,2.44
01/09/2020,3.14
01/10/2020,3.92
01/11/2020,4.31
01/12/2020,4.52
01/01/2021,4.56
01/02/2021,5.2
01/03/2021,6.1
01/04/2021,6.76
01/05/2021,8.06
01/06/2021,8.35
01/07/2021,8.99
01/08/2021,9.68
01/09/2021,10.25
01/10/2021,10.67
01/11/2021,10.74
01/12/2021,10.06
01/01/2022,10.38
01/02/2022,10.54
01/03/2022,11.3
01/04/2022,12.13
01/05/2022,11.73
01/06/2022,11.89
01/07/2022,10.07
01/08/2022,8.73
01/09/2022,7.17
01/10/2022,6.47
01/11/2022,5.9
01/12/2022,5.79
01/01/2023,5.77
01/02/2023,5.6
01/03/2023,4.65
01/04/2023,4.18
01/05/2023,3.94
01/06/2023,3.16
01/07/2023,3.99
01/08/2023,4.61
01/09/2023,5.19
01/10/2023,4.82
01/11/2023,4.68
01/12/2023,4.62
01/01/2024,4.51
01/02/2024,4.5
01/03/2024,3.93
01/04/2024,3.69
01/05/2024,3.93
01/06/2024,4.23
01/07/2024,4.5
01/08/2024,4.24
01/09/2024,4.42
01/10/2024,4.76
01/11/2024,4.87
01/12/2024,4.83
01/01/2025,4.56
01/02/2025,5.06
01/03/2025,5.48
01/04/2025,5.53
01/05/2025,5.32
01/06/2025,5.35
01/07/2025,5.23
01/08/2025,5.13
01/09/2025,5.17
01/10/2025,4.68
01/11/2025,4.46
01/12/2025,4.26
01/01/2026,4.44
01/02/2026,3.81
01/03/2026,4.14
01/04/2026,4.39
01/05/2026,4.72
01/06/2026,4.64
01/07/2026,4.44
01/08/2026,4.22
