iso3,country,money_growth_avg,inflation_avg,n_money,n_infl
ABW,Aruba,6.6554,2.9215,34,30
AFG,Afghanistan,17.3128,5.8775,15,19
AGO,Angola,214.4472,337.7177,28,33
ALB,Albania,12.153,14.7391,29,32
ARE,United Arab Emirates,11.1301,2.093,34,16
ARM,Armenia,78.2408,122.6834,31,30
ATG,Antigua and Barbuda,6.2253,2.1201,34,25
AUS,Australia,8.7203,2.7575,34,34
AZE,Azerbaijan,83.6799,105.0741,31,32
BDI,Burundi,17.2572,11.0977,34,34
BEN,Benin,11.7165,3.9254,34,31
BFA,Burkina Faso,11.8239,3.0475,34,34
BGD,Bangladesh,14.934,6.2532,34,34
BGR,Bulgaria,32.9131,58.8074,32,34
BHR,Bahrain,9.426,1.2875,26,34
BHS,"Bahamas, The",7.0528,2.3302,33,34
BIH,Bosnia and Herzegovina,13.729,2.3683,26,18
BLR,Belarus,61.6746,168.0594,27,31
BLZ,Belize,8.5054,1.9148,34,34
BOL,Bolivia,15.0126,5.9955,34,34
BRA,Brazil,227.9527,252.5005,34,34
BRB,Barbados,7.5607,3.3027,31,31
BRN,Brunei Darussalam,4.7567,1.0031,24,34
BTN,Bhutan,17.7001,6.7119,34,34
BWA,Botswana,13.8589,7.9273,34,34
CAF,Central African Republic,7.2528,3.9188,33,34
CAN,Canada,10.4064,2.2163,19,34
CHE,Switzerland,4.8197,1.1182,27,34
CHL,Chile,14.4778,6.1074,34,34
CHN,China,17.9559,3.7582,34,34
CIV,Cote d'Ivoire,9.9504,3.5372,34,34
CMR,Cameroon,7.1866,3.4863,29,34
COD,"Congo, Dem. Rep.",641.4172,1285.3081,27,27
COG,"Congo, Rep.",10.7898,4.0304,34,32
COL,Colombia,15.9446,10.2795,33,34
COM,Comoros,8.864,3.3438,34,23
CPV,Cabo Verde,11.8643,3.2517,34,34
CRI,Costa Rica,17.9897,9.4209,34,34
CZE,Czechia,7.9634,4.957,30,32
DJI,Djibouti,6.9782,2.8248,34,23
DMA,Dominica,5.689,1.8595,34,34
DNK,Denmark,4.3587,1.9908,34,34
DOM,Dominican Republic,17.7243,10.1164,34,34
DZA,Algeria,14.0792,8.6026,34,34
ECU,Ecuador,13.76,17.64,34,34
EGY,"Egypt, Arab Rep.",15.7866,10.6924,34,34
ETH,Ethiopia,15.1612,12.4984,19,34
FJI,Fiji,8.4117,3.4319,34,34
FSM,"Micronesia, Fed. Sts.",4.8738,2.5919,26,23
GAB,Gabon,8.2992,2.6258,30,34
GBR,United Kingdom,6.9322,2.7791,34,34
GEO,Georgia,22.0377,12.3158,28,29
GHA,Ghana,32.0108,20.2956,34,34
GIN,Guinea,20.2579,14.2783,30,19
GMB,"Gambia, The",16.7018,6.587,31,34
GNB,Guinea-Bissau,37.1636,12.9569,34,34
GNQ,Equatorial Guinea,20.1258,4.8615,34,34
GRD,Grenada,7.096,2.0603,34,34
GTM,Guatemala,14.0901,8.2006,34,34
GUY,Guyana,16.3013,4.5019,34,29
HKG,"Hong Kong SAR, China",7.8798,3.1081,32,34
HND,Honduras,16.9129,10.2933,34,34
HTI,Haiti,16.1572,15.4117,34,34
HUN,Hungary,13.2875,10.2555,34,34
IDN,Indonesia,16.3401,8.4961,34,34
IND,India,15.2292,7.1411,32,34
IRN,"Iran, Islamic Rep.",27.5128,22.1399,27,34
IRQ,Iraq,14.9797,47.8722,19,33
ISL,Iceland,10.4595,4.72,34,34
ISR,Israel,10.9674,4.4935,34,34
JAM,Jamaica,15.5376,14.0828,34,34
JOR,Jordan,7.9476,3.6437,34,34
JPN,Japan,2.2351,0.58,34,34
KAZ,Kazakhstan,45.989,77.8664,30,30
KEN,Kenya,15.5446,11.2051,34,34
KGZ,Kyrgyz Republic,21.1479,10.2271,27,28
KHM,Cambodia,24.2315,4.3204,30,29
KNA,St. Kitts and Nevis,7.0029,2.3937,34,34
KOR,"Korea, Rep.",13.8247,3.4542,34,34
KWT,Kuwait,6.1829,3.1471,32,34
LAO,Lao PDR,36.7554,16.0123,21,34
LBN,Lebanon,18.6904,44.2964,28,15
LBR,Liberia,20.1898,11.3111,32,22
LBY,Libya,10.865,5.2362,32,34
LCA,St. Lucia,5.593,2.5314,34,34
LKA,Sri Lanka,17.6855,10.3205,30,34
LSO,Lesotho,11.326,6.7288,31,31
MAC,"Macao SAR, China",10.8476,3.3141,34,34
MAR,Morocco,9.0732,2.6415,34,34
MDA,Moldova,43.8445,108.4478,32,32
MDG,Madagascar,15.8667,11.1808,34,34
MDV,Maldives,15.7452,4.433,34,34
MEX,Mexico,16.8854,9.3623,34,34
MKD,North Macedonia,10.4878,7.2121,30,30
MLI,Mali,11.4666,2.7541,34,34
MMR,Myanmar,28.959,18.0702,31,30
MNE,Montenegro,20.4771,3.3141,21,18
MNG,Mongolia,33.1573,21.559,32,31
MOZ,Mozambique,24.9962,7.8718,34,19
MRT,Mauritania,12.606,5.4033,16,34
MUS,Mauritius,11.7523,5.5803,34,34
MWI,Malawi,28.6513,20.1391,34,34
MYS,Malaysia,9.6987,2.5605,34,34
NAM,Namibia,16.2275,5.3921,31,21
NER,Niger,9.1116,2.8046,34,34
NGA,Nigeria,25.9402,18.2781,34,34
NIC,Nicaragua,296.138,6.9592,33,24
NOR,Norway,6.2242,2.4252,34,34
NPL,Nepal,17.5755,7.3212,34,34
NZL,New Zealand,6.7668,2.4195,31,34
OMN,Oman,10.4483,2.0904,28,23
PAK,Pakistan,15.2798,9.4757,34,34
PAN,Panama,14.2598,1.8702,19,34
PER,Peru,217.8655,239.8358,33,34
PHL,Philippines,13.5796,5.5038,33,34
PNG,Papua New Guinea,11.222,6.8297,30,34
POL,Poland,20.5209,27.2845,34,34
PRY,Paraguay,16.9508,9.0978,34,34
PSE,West Bank and Gaza,8.497,3.0959,25,27
QAT,Qatar,12.9172,3.107,34,34
ROU,Romania,37.785,42.0596,34,33
RUS,Russian Federation,21.231,57.8484,19,31
RWA,Rwanda,16.3802,7.5814,34,32
SAU,Saudi Arabia,8.7716,2.0168,28,34
SDN,Sudan,45.4365,57.5532,31,33
SEN,Senegal,10.5202,2.8338,34,34
SGP,Singapore,9.0293,1.8811,31,34
SLB,Solomon Islands,12.5637,7.1512,34,34
SLE,Sierra Leone,3879.1711,13.2272,34,17
SLV,El Salvador,8.0697,4.9393,34,34
SRB,Serbia,27.6556,21.0111,26,29
STP,Sao Tome and Principe,22.847,14.9624,28,27
SUR,Suriname,39.5382,45.9084,34,32
SWE,Sweden,6.3543,2.3081,34,34
SWZ,Eswatini,11.6045,7.7291,33,30
SYC,Seychelles,11.4975,4.4575,34,34
SYR,Syrian Arab Republic,13.7697,11.5359,22,30
TCD,Chad,11.3619,3.8701,32,34
TGO,Togo,9.704,3.981,34,34
THA,Thailand,9.239,2.8732,34,34
TJK,Tajikistan,30.3935,11.1875,25,16
TLS,Timor-Leste,18.0794,4.8737,21,21
TON,Tonga,9.6429,5.1988,34,34
TTO,Trinidad and Tobago,8.2936,5.4598,34,34
TUN,Tunisia,9.7611,4.6015,34,34
TUR,Turkiye,47.8663,36.9559,34,34
TZA,Tanzania,19.5311,11.3571,34,34
UGA,Uganda,21.6287,6.1129,34,30
UKR,Ukraine,103.2735,207.5754,31,31
URY,Uruguay,22.2675,20.2144,34,34
USA,United States,5.817,2.6911,34,34
VCT,St. Vincent and the Grenadines,5.2736,2.4736,34,34
VNM,Viet Nam,23.6059,5.6823,28,28
VUT,Vanuatu,5.0798,3.1033,34,34
WSM,Samoa,8.6925,4.2366,34,34
XKX,Kosovo,11.9289,2.3289,22,21
YEM,"Yemen, Rep.",18.1943,17.4957,23,24
ZAF,South Africa,11.3127,6.6365,34,34
ZMB,Zambia,28.9419,31.822,32,34
