country,iso3,year,value
Brazil,BRA,1960,235.266009502589
Brazil,BRA,1961,231.564063269854
Brazil,BRA,1962,250.200572910273
Brazil,BRA,1963,294.169619376733
Brazil,BRA,1964,257.259726897671
Brazil,BRA,1965,268.028760553723
Brazil,BRA,1966,328.343791519407
Brazil,BRA,1967,351.472600370379
Brazil,BRA,1968,373.925432639683
Brazil,BRA,1969,399.49841913391
Brazil,BRA,1970,443.799484982738
Brazil,BRA,1971,500.001988983361
Brazil,BRA,1972,583.492034946156
Brazil,BRA,1973,814.731780553415
Brazil,BRA,1974,1044.76980947499
Brazil,BRA,1975,1200.55823714607
Brazil,BRA,1976,1389.74952306555
Brazil,BRA,1977,1562.29143045708
Brazil,BRA,1978,1732.50012204556
Brazil,BRA,1979,1869.7133759549
Brazil,BRA,1980,1958.57159232662
Brazil,BRA,1981,2079.70908377484
Brazil,BRA,1982,2137.6250359394
Brazil,BRA,1983,1461.25582714178
Brazil,BRA,1984,1419.73154606978
Brazil,BRA,1985,1556.1297180511
Brazil,BRA,1986,1854.03775211919
Brazil,BRA,1987,2006.00226235757
Brazil,BRA,1988,2140.65027561164
Brazil,BRA,1989,2818.99277980122
Brazil,BRA,1990,2581.14187449078
Brazil,BRA,1991,2257.6092968885
Brazil,BRA,1992,2127.31642731638
Brazil,BRA,1993,2348.88247685352
Brazil,BRA,1994,3298.71250747787
Brazil,BRA,1995,4756.74840785403
Brazil,BRA,1996,5179.13052002464
Brazil,BRA,1997,5299.39630404412
Brazil,BRA,1998,5105.89099544117
Brazil,BRA,1999,3493.57162513699
Brazil,BRA,2000,3766.54811466032
Brazil,BRA,2001,3176.28935747524
Brazil,BRA,2002,2855.94018885769
Brazil,BRA,2003,3090.6070097455
Brazil,BRA,2004,3663.823188064
Brazil,BRA,2005,4827.78173074714
Brazil,BRA,2006,5934.14470924968
Brazil,BRA,2007,7409.69130673473
Brazil,BRA,2008,8908.33176538648
Brazil,BRA,2009,8678.6592244676
Brazil,BRA,2010,11403.2821278747
Brazil,BRA,2011,13396.6243562986
Brazil,BRA,2012,12521.7213519966
Brazil,BRA,2013,12458.8912138813
Brazil,BRA,2014,12274.9939689363
Brazil,BRA,2015,8936.19661712113
Brazil,BRA,2016,8836.28652735657
Brazil,BRA,2017,10080.5092819305
Brazil,BRA,2018,9300.66164923219
Brazil,BRA,2019,9029.83326681073
Brazil,BRA,2020,7074.19378337644
Brazil,BRA,2021,7972.5366498646
Brazil,BRA,2022,9281.33334441234
Brazil,BRA,2023,10377.5892792557
Brazil,BRA,2024,10310.5486973693
Mexico,MEX,1960,355.075199563018
Mexico,MEX,1961,373.712216995471
Mexico,MEX,1962,388.456702411498
Mexico,MEX,1963,419.552066324849
Mexico,MEX,1964,480.704214437745
Mexico,MEX,1965,505.854419498816
Mexico,MEX,1966,544.935854193449
Mexico,MEX,1967,575.769037534418
Mexico,MEX,1968,615.922912128842
Mexico,MEX,1969,659.71750685117
Mexico,MEX,1970,699.006845485029
Mexico,MEX,1971,747.912361003254
Mexico,MEX,1972,836.569673446138
Mexico,MEX,1973,993.042879548426
Mexico,MEX,1974,1256.10280601329
Mexico,MEX,1975,1491.97048611111
Mexico,MEX,1976,1465.49877862474
Mexico,MEX,1977,1314.62044481645
Mexico,MEX,1978,1604.40920452482
Mexico,MEX,1979,2049.26468871816
Mexico,MEX,1980,3054.62162291784
Mexico,MEX,1981,3829.14437544129
Mexico,MEX,1982,2620.95793392947
Mexico,MEX,1983,2169.85285279223
Mexico,MEX,1984,2506.30742754755
Mexico,MEX,1985,2601.70825226684
Mexico,MEX,1986,1756.93563367491
Mexico,MEX,1987,1888.2631431041
Mexico,MEX,1988,2278.81222720992
Mexico,MEX,1989,2725.05572275442
Mexico,MEX,1990,3154.46920349038
Mexico,MEX,1991,3708.8420548157
Mexico,MEX,1992,4220.56643677057
Mexico,MEX,1993,6048.34840388099
Mexico,MEX,1994,6202.36588372862
Mexico,MEX,1995,4183.87847727479
Mexico,MEX,1996,4674.36792733681
Mexico,MEX,1997,5567.35599516667
Mexico,MEX,1998,5832.69342004468
Mexico,MEX,1999,6499.97182950425
Mexico,MEX,2000,7524.0271380091
Mexico,MEX,2001,7952.76479510706
Mexico,MEX,2002,7983.03398381759
Mexico,MEX,2003,7434.07465031562
Mexico,MEX,2004,7849.66759649565
Mexico,MEX,2005,8671.75891798441
Mexico,MEX,2006,9512.63575346699
Mexico,MEX,2007,10134.3327129706
Mexico,MEX,2008,10523.7685427665
Mexico,MEX,2009,8423.56933148639
Mexico,MEX,2010,9728.80078307432
Mexico,MEX,2011,10664.4944032313
Mexico,MEX,2012,10744.1335236186
Mexico,MEX,2013,11216.800851866
Mexico,MEX,2014,11391.3773503964
Mexico,MEX,2015,10021.2386113616
Mexico,MEX,2016,9097.92397674769
Mexico,MEX,2017,9649.27816729586
Mexico,MEX,2018,10084.7937570364
Mexico,MEX,2019,10369.5553593527
Mexico,MEX,2020,8841.27074929751
Mexico,MEX,2021,10314.0506733708
Mexico,MEX,2022,11405.7940469896
Mexico,MEX,2023,13830.843848864
Mexico,MEX,2024,13988.0423745241
United States,USA,1960,2999.86487154495
United States,USA,1961,3059.16082086127
United States,USA,1962,3236.01311150062
United States,USA,1963,3366.36978960346
United States,USA,1964,3565.31443016356
United States,USA,1965,3818.28825117968
United States,USA,1966,4136.30829579106
United States,USA,1967,4325.95935063186
United States,USA,1968,4684.58840293763
United States,USA,1969,5019.99818634473
United States,USA,1970,5234.2966662115
United States,USA,1971,5609.38259952519
United States,USA,1972,6094.01798986165
United States,USA,1973,6726.35895596695
United States,USA,1974,7225.69135952566
United States,USA,1975,7801.45666356443
United States,USA,1976,8592.25353727612
United States,USA,1977,9452.57651914511
United States,USA,1978,10564.9482220275
United States,USA,1979,11674.1818666548
United States,USA,1980,12574.7915062163
United States,USA,1981,13976.10539252
United States,USA,1982,14433.787727053
United States,USA,1983,15543.8937174925
United States,USA,1984,17121.2254849995
United States,USA,1985,18236.8277265009
United States,USA,1986,19071.2271949295
United States,USA,1987,20038.9410992658
United States,USA,1988,21417.0119305191
United States,USA,1989,22857.1544330056
United States,USA,1990,23888.6000088133
United States,USA,1991,24342.2589048189
United States,USA,1992,25418.9907763319
United States,USA,1993,26387.2937338171
United States,USA,1994,27694.853416234
United States,USA,1995,28690.8757013347
United States,USA,1996,29967.7127181749
United States,USA,1997,31459.1299691554
United States,USA,1998,32853.6725949234
United States,USA,1999,34515.3813073394
United States,USA,2000,36329.9702595751
United States,USA,2001,37133.6203973517
United States,USA,2002,37997.7424300242
United States,USA,2003,39490.3023903176
United States,USA,2004,41724.6411982614
United States,USA,2005,44123.3996470026
United States,USA,2006,46301.9876485519
United States,USA,2007,48050.227412195
United States,USA,2008,48570.0594269601
United States,USA,2009,47194.9500893872
United States,USA,2010,48642.6312088213
United States,USA,2011,50024.8812320773
United States,USA,2012,51708.3940614082
United States,USA,2013,53297.3862901595
United States,USA,2014,55153.3940182967
United States,USA,2015,56849.4697923159
United States,USA,2016,57976.628204291
United States,USA,2017,60047.7190728307
United States,USA,2018,62875.6661382728
United States,USA,2019,65227.9565911038
United States,USA,2020,64465.2971415748
United States,USA,2021,71441.2319805947
United States,USA,2022,78008.6895811877
United States,USA,2023,82586.7847707894
United States,USA,2024,86169.6641581917
